{"e": 0.10046425878539694, "m": 0.020640982029499755, "a": 0.06561151484539678, " ": 0.19170543565660733, "b": 0.012548509654732485, "y": 0.015796230422172295, "j": 0.0014308491837761838, "n": 0.055192678746900585, "u": 0.02263112401162518, "s": 0.049967826980130255, "t": 0.07422191406631706, "v": 0.007522052942855495, "o": 0.060849764335209215, "l": 0.03367717921175159, "i": 0.0518367424949735, "c": 0.016676400975518625, "h": 0.0583917653579622, "p": 0.012218928000900181, "r": 0.045080991573279966, "w": 0.018062115508633864, "d": 0.03593669340318945, "f": 0.018775207096710454, "g": 0.0154380246061912, "x": 0.0008219351889746547, ".": 0.007344565191349832, "q": 0.0006776478763249555, "k": 0.0059828985436762095, "z": 0.0004957633099437737}