{"em": 0.002324300121226478, "mm": 0.00045430766759717636, "ma": 0.003222596400174796, "a ": 0.0037220387224828904, " b": 0.008997319737303748, "by": 0.0008573789776596919, "y ": 0.010483263836732789, " j": 0.0011977283719310902, "ja": 0.00018251269916900193, "an": 0.015411375907067476, "ne": 0.0044467953946500625, "e ": 0.03729665851012569, " a": 0.02203791490457565, "au": 0.0008075783149070881, "us": 0.0029069230099700027, "st": 0.005791861943589757, "te": 0.004910614540178367, "en": 0.007699092730628664, "n ": 0.013591901963581808, " v": 0.0012045479221458612, "vo": 0.00035075818144131196, "ol": 0.0016633421359369658, "lu": 0.0003892527477852165, "um": 0.0004621142579746115, "me": 0.004973156994121727, " i": 0.01195673533774271, "i ": 0.0028276008732613512, " c": 0.006695272885199153, "ch": 0.0032358765769088236, "ha": 0.009597440156203592, "ap": 0.0009460331304517144, "pt": 0.0005371293103370922, "er": 0.012650804033943414, "r ": 0.010999037187186783, " e": 0.003818768658423984, " w": 0.012656905736767156, "wo": 0.0016810191279410431, "oo": 0.002053043538341575, "od": 0.0015178883083298113, "dh": 3.85842972677831e-05, "ho": 0.004355449314141683, "ou": 0.008643420973526685, "se": 0.0057637761644157666, " h": 0.013752699779172196, "nd": 0.01207069361106849, "ds": 0.0008834906765083544, "so": 0.0028332539214657006, "om": 0.0031920878860560837, "cl": 0.000580289884722682, "le": 0.0052382221432590095, "ev": 0.001680211549626136, "ve": 0.005508222493209612, "d ": 0.023281764971380323, " r": 0.003176384974377335, "ri": 0.003450243754054716, "ic": 0.002168078582753896, "h ": 0.006512939647877908, "wi": 0.003409595645537726, "it": 0.0067994504878221675, "th": 0.029672401370011744, "co": 0.003208867568821375, "mf": 5.626128927186047e-05, "fo": 0.003405198830267676, "or": 0.007567188272527173, "rt": 0.0018738508833560802, "ta": 0.002197151402090551, "ab": 0.0013110585287897183, "bl": 0.0011831022313388841, "pp": 0.0006250656157380862, "py": 7.869402024150181e-05, " d": 0.005326427641431639, "di": 0.0017835815739342435, "is": 0.006746957897353207, "sp": 0.0011014470906093895, "po": 0.0015536012160334803, "os": 0.0014963528865989558, "si": 0.002114598952122271, "ti": 0.0033347600550230026, "io": 0.001800630449471171, "on": 0.007418234938888754, " s": 0.015658584602352924, "ee": 0.0031619382956328858, "ed": 0.0065894801259463245, " t": 0.031803959466747064, "to": 0.007033558468221345, "o ": 0.00864557451569977, " u": 0.002811718499734845, "un": 0.0029408412991961006, "ni": 0.001299752432381019, " o": 0.011865748180929846, "of": 0.007027097841702088, "f ": 0.007655932156243074, "he": 0.02614660417805128, "be": 0.0043427972538748055, "es": 0.006263667141343254, "t ": 0.01882115101445296, "ss": 0.0020928840685436583, "in": 0.013435770156033103, "ng": 0.0065075557924451945, "gs": 0.0005044672540452943, "s ": 0.018349794471318855, "ex": 0.0005681762099990757, "xi": 6.702900013728832e-05, "nc": 0.0015886860072699995, "ce": 0.002853892033957771, "ad": 0.0026319874592060787, " l": 0.005226198199459281, "li": 0.0031254178096143097, "iv": 0.0011333015685862802, " n": 0.004510504350603844, "ea": 0.005365460593318815, "ar": 0.006027136425999355, "rl": 0.00042020991652332154, "ly": 0.002112894064568578, "tw": 0.0004612169487358259, "we": 0.0026840313950556465, "nt": 0.0048476234316156145, "ty": 0.0008492134635867425, " y": 0.003087102705118162, "ye": 0.001263860062829593, "rs": 0.002261757667283118, "ld": 0.0023393749164380773, "ry": 0.0014163129024992755, "tt": 0.001168655552594435, "tl": 0.0008805295560203617, "tr": 0.0015780080273284502, "re": 0.010224838775962522, "x ": 0.00012023943799727757, "r.": 0.0006824036760964895, ". ": 0.0073161211475149465, "sh": 0.0040301747150818835, "wa": 0.003315467906389111, "as": 0.005573097951173815, "yo": 0.002203612028609808, "ge": 0.001673212537563608, "da": 0.0012733715407607208, "ug": 0.0010901409942006904, "gh": 0.002293791607107766, "ht": 0.0015850070393909784, " m": 0.00836857515368664, "mo": 0.0020985371167480077, "af": 0.0005209777440389504, "ff": 0.0006727127363176044, "fe": 0.001387688737782013, "ec": 0.0014676389909578148, "ct": 0.0008871696443873755, "na": 0.0011266614802192664, "at": 0.0080120741931171, "du": 0.0002772685547847669, "ul": 0.0020606706668712532, "lg": 2.2881385589034162e-05, " f": 0.007192113010714769, "fa": 0.0012774094323352563, "ns": 0.0018664032166741593, "eq": 0.00014823548624738996, "qu": 0.0006746868166429328, "ue": 0.0007285253709700721, "rr": 0.0006860826439755107, "ia": 0.0008065015438205453, "ag": 0.0010594530182342211, "mi": 0.0016592145134385519, "hi": 0.007525194200152004, "fr": 0.0013245181673715032, "ro": 0.003637063537569889, "m ": 0.003916395903603863, " p": 0.004858032218785528, "pe": 0.0022834725508617307, "d.": 0.0007975284514326888, "ot": 0.003165976187207421, "ie": 0.0019423155782754254, "lo": 0.0030771425725676415, "g ": 0.0050493385484946295, "go": 0.001566073814452601, "av": 0.0017786463731209222, "mb": 0.0003969696072387731, "br": 0.0010468009579673433, "ra": 0.0026365637363238857, "ca": 0.0022509899564176904, "pl": 0.001249592845932901, "la": 0.002443462788137213, "ac": 0.0018466624134208748, "su": 0.001439912135479338, "up": 0.0011606695003692428, "xc": 0.00013737804445808355, "el": 0.0036446906660995673, "ll": 0.005713975501663163, " g": 0.0037127067063995197, "ov": 0.0009186651986687521, "rn": 0.0010566713595939856, "wh": 0.0036098750676346837, "al": 0.0058026296544551855, "n.": 0.0005881862060239958, "ix": 0.00010624141387222137, "xt": 0.00013136607255821966, "ay": 0.002073950843605281, "yl": 6.505491981195988e-05, "mr": 0.0003983155710969516, "am": 0.002053492192960968, "il": 0.00303469984557308, "bo": 0.0012601810949505717, "bu": 0.0018383174375001682, "ut": 0.0031080100103818677, "pa": 0.0014024943402219765, "cu": 0.0005300405673506855, "a.": 7.27717792655165e-05, "et": 0.0029454175763139073, "im": 0.0023224157718250284, "cy": 0.00013692938983869072, "s.": 0.0010248168816170949, "ef": 0.0009109483392151954, "no": 0.004159387245467018, "l ": 0.006093627040593372, "fi": 0.0012807294765187632, "dn": 0.00013432719304621232, "mp": 0.000718834431191187, "rd": 0.002206662880021679, "dl": 0.00027789667125191687, "ow": 0.002878029652481105, "ny": 0.0006227326117172435, "ai": 0.003083244275391384, "do": 0.0016421656379016244, "w ": 0.0019165628031222771, "ei": 0.0014441294889016307, "aw": 0.0006179768727516795, "ey": 0.0016915176460348352, "vi": 0.0010554151266596856, "og": 0.00020682977954009313, "mu": 0.000670110539525126, "tu": 0.000997718142605768, "ua": 0.0003836894305047454, "oi": 0.0006167206398173796, "ju": 0.00039140628995830206, "ik": 0.0004189536835890216, "ke": 0.0021610795706913676, "ig": 0.0016499722282790595, "hl": 5.195420492568934e-05, "ud": 0.0005144273865958152, "dg": 0.000216969373938371, "gm": 5.401801617489634e-05, "ir": 0.002140351727275419, "fl": 0.0004590634065627403, "wn": 0.0007571495356873344, "ls": 0.0006413069129601065, "de": 0.003616784348773333, "uc": 0.0008069501984399382, "nk": 0.0004938790050276236, "k ": 0.0015883270835744853, "lf": 0.0005647664348916903, "sa": 0.002835048539943272, "dv": 6.99003897014024e-05, "va": 0.00048167559938013877, "hr": 0.0006040685795505019, "oy": 0.0002662316511477034, "nj": 5.87737551404603e-05, "jo": 0.0003909576353389092, "ym": 0.0001046262572424072, "ts": 0.0011653355084109281, "pr": 0.001595146633789256, "np": 2.1445690806977118e-05, "rc": 0.0004394123342333345, "id": 0.002334439715624756, "sf": 5.545371095695338e-05, "gr": 0.0010380970583511225, "sc": 0.0005368601175654565, "ci": 0.000805335041810124, "sn": 0.00012212378739872743, "f.": 9.385854637697935e-05, "dd": 0.0002436194583303049, "ur": 0.0031376212152617947, "nf": 0.0002043173136714933, "fu": 0.0005181960853987149, "nu": 0.00022827547034707024, "e.": 0.0011826535767194913, "eo": 0.0005172090452360506, "op": 0.0009401108894757292, "ft": 0.0006268602342156575, "g.": 0.00020682977954009313, "ms": 0.00045448712944493345, "sl": 0.0003512965669845833,